participant_id,best_nll,best_initial_guess,best_parameters,AIC,BIC
84,11.105229309997673,"[0.5112269944595, 0.4549804276008051, 0.27433722033340935, 22.460512024594376, 15.196884329821023, 0.9998491470570803]",[ 4.9999      0.68350019  0.08708073 22.46053831 23.05787323  0.83783854],34.21045861999535,48.350711580132895
