participant_id,best_nll,best_initial_guess,best_parameters,AIC,BIC
84,13.465327246313835,"[0.5841484529331451, 0.2081263812333464, 1.5781116702478326, 6.156803774385395]",[3.10137453e+00 1.24899597e-04 2.39999000e+01 2.39507154e+01],34.93065449262767,44.35748979938604
