participant_id,best_nll,best_initial_guess,best_parameters,AIC,BIC
84,12.230291276480287,"[4.607323381762642, 0.19843135977602616, 10.342077908844415, 12.706829427547682, 0.5099710186280911]",[ 4.19011471  0.02219937 10.34207791 12.53280812  0.89481158],34.460582552960574,46.244126686408535
