participant_id,best_nll,best_initial_guess,best_parameters,AIC,BIC
84,13.465327174882084,"[4.272215903773139, 0.8557436860333965, 3.341660398077463, 13.795136181435312, 0.0014799941573506914]","[3.10136388e+00 1.24902345e-04 2.39999000e+01 2.39510058e+01
 0.00000000e+00]",36.93065434976417,48.71419848321213
