participant_id,best_nll,best_initial_guess,best_parameters,AIC,BIC
84,13.682806464926621,"[1.9194048937886652, 0.14649085998852682, 19.96216236873912, 22.233990937117564, 0.8446347098510455]",[ 2.87232374  0.07210425 19.96216237 22.23399094  0.84463471],31.365612929853242,36.079030583232424
