participant_id,best_nll,best_initial_guess,best_parameters,AIC,BIC
84,13.646762310579598,"[0.9519481450762063, 4.0106752476222844, 2.638920797648098, 0.005405538081522976]",[4.99990000e+00 4.94589841e-06 2.53328330e+00 2.52633841e+00],35.29352462115919,44.72035992791756
